index,1B,2B,3B,C,CF,lev,LF,RF,SS,RP,SP,CL
4,0.276361694,0.247398707,0.258544898,0.262481637,0.247493367,R,0.258085746,0.262168412,0.241921164,0.256806953,0.256806953,0.256806953
3,0.291084466,0.264857245,0.269786489,0.275424021,0.25957771,A-,0.273911832,0.273588535,0.249788422,0.26975234,0.26975234,0.26975234
6,0.298997001,0.273283767,0.28375742,0.291601396,0.275558312,A+,0.288232161,0.29545932,0.268042861,0.28436653,0.28436653,0.28436653
2,0.30201456,0.262533694,0.275574693,0.284060294,0.268436204,A,0.27947232,0.288014641,0.263122977,0.277903673,0.277903673,0.277903673
5,0.317404252,0.280694658,0.295765746,0.307477225,0.282586077,AA,0.295474074,0.308912429,0.272818402,0.295141608,0.295141608,0.295141608
1,0.334811436,0.2963379,0.315559083,0.328031684,0.307332628,AAA,0.317612207,0.324323005,0.290261215,0.314283645,0.314283645,0.314283645
0,0.375231337,0.335100963,0.355356165,0.351022891,0.342318418,MLB,0.353621696,0.360237774,0.314333698,0.348402868,0.348402868,0.348402868
