index,lev,RP,SP
4,R,7.203450646,5.667641786
2,A,5.891305161,5.125574988
3,A-,6.198621208,5.111611484
6,A+,5.271649794,4.881226885
5,AA,4.559796178,4.470981585
1,AAA,4.155185835,4.065126639
0,MLB,3.37311771,3.534585551
